"Merchant ID",Merchant,Website,Currency,"Business Categories",MCC,"Risk Level","Sales Volume","Gross Revenue","Chargeback Ratio"
2,"AB Do",https://dokobit.com,EUR,"SaaS, Writing and blogging",,"very high",6184.64,34.70,0.00
4,"AB Kr",https://hostika.lt,EUR,SaaS,,"very high",337.24,26.48,0.00
8,"AB VS",https://vs-sport.lt,EUR,"Sports equipment",,"very high",317.37,10.61,0.00
12,"B Nam","https://e-duona.lt, https://velzelioduona.lt",EUR,"Food and drinks",,"very high",12.98,6.34,0.00
13,"AB Sp",https://superfanas.lt,EUR,"Clothing and shoes",,"very high",753.80,68.78,0.00
15,"AB MO",https://dianavapsve.lt,EUR,"Clothing and shoes",,"very high",3574.70,191.64,0.00
21,"AB Cf",https://cflow.lt,EUR,"Service subscriptions",,"very high",5500.76,417.00,0.00
35,"AB ""I",https://tablein.com,USD,"Marketing and advertising",,"very high",3031.50,168.46,0.00
35,"AB ""I",https://tablein.com,GBP,"Marketing and advertising",,"very high",2844.70,217.35,0.00
35,"AB ""I",https://tablein.com,EUR,"Marketing and advertising",,"very high",9628.28,187.21,0.00
37,"AB ST",https://clustspace.com,EUR,SaaS,,"very high",200.69,3.14,0.00
52,"AB La",https://tapetuparduotuve.lt,EUR,"Household supplies",,"very high",167.25,5.40,0.00
56,"AB Gė","https://gelesinternetu.eu, https://geliubutikelis.lt",EUR,"Flowers and gifts",,"very high",404.60,45.68,0.00
69,"AB 9 ",https://gerilesiai.lt,EUR,"Beauty and fragrances",,"very high",7457.57,200.98,0.00
70,"AB 9 ",https://visaslecas.lv,EUR,"Beauty and fragrances",,"very high",3445.89,119.18,0.00
71," line",https://headlaatsed.ee,EUR,"Beauty and fragrances",,"very high",419.68,17.88,0.00
77,"AB A ",https://2ru2ra.com,EUR,"Clothing and shoes",,"very high",1706.00,73.78,0.00
96,"AB NO",https://store.eset.lt,EUR,"Software development",,"very high",2085.65,300.71,0.00
103,"AB Ba",https://medikos.lt,EUR,"Beauty and fragrances",,"very high",935.54,42.75,0.00
122,"B ""Nu",https://vizslatea.com,EUR,"Pet supplies",,"very high",8124.24,273.03,0.00
126,"omas ","http://watch-alpha.eu, https://alpha-1993.com",EUR,Accessories,,"very high",3448.67,66.63,0.00
132,"AB Sp",https://expedition.lt,EUR,"Sports equipment",,"very high",1946.91,67.53,0.00
136,"AB Od",https://e-galanterija.lt,EUR,Accessories,,"very high",3682.49,223.13,0.00
143,"V Dai",https://zuikiopastas.lt,EUR,"Writing and blogging",,"very high",968.00,61.48,0.00
149,"O Gel","https://gelbekitvaikus.lt, https://parama-vaikams.w-i.lt, https://parama.gelbekitvaikus.lt",EUR,"Charities/nonprofit organizations",,"very high",855.00,39.22,0.00
163,"AB Ma",https://laistymoiranga.lt,EUR,"Gardening goods",,"very high",5.59,0.00,0.00
164,"AB ""A",https://lpg-shop.com,EUR,Electronics,,"very high",105.00,31.54,0.00
166,"AB SP",https://sportcup.lt,EUR,"Sports equipment",,"very high",35.30,2.29,0.00
168,"AB Ch","http://cherryservers.com, https://cherryservers.com",USD,"Web hosting",,"very high",30360.44,1062.95,0.00
168,"AB Ch","http://cherryservers.com, https://cherryservers.com",EUR,"Web hosting",,"very high",23983.99,773.87,0.79
179,"AB SA",https://intimamoda.lt,EUR,"Clothing and shoes",,"very high",107.94,0.00,0.00
181,"š? ""J",https://jaunimolinija.lt,EUR,"Charities/nonprofit organizations",,"very high",226.00,12.02,0.00
185,"AB Da",https://dalinuosi.lt,EUR,"Booking and reservations",,"very high",5509.63,62.41,0.00
187,"AB Kv",https://urbanfood.lt,EUR,"Food and drinks",,"very high",75.37,12.46,0.00
197,"AB Do",https://dokobit.com,EUR,"SaaS, Writing and blogging",,"very high",3794.43,43.41,0.00
203,"reek ","http://new.olivegarden.gr, https://olivegarden.gr",GBP,"Beauty and fragrances",,"very high",497.23,0.00,0.00
203,"reek ","http://new.olivegarden.gr, https://olivegarden.gr",EUR,"Beauty and fragrances",,"very high",5820.16,153.12,0.00
214,"AB Vy","http://vytishop.lt, https://vytishop.com",EUR,"Household supplies",,"very high",339.60,6.67,0.00
226,"AB Ju",https://buypenimaster.com,USD,"Adult products",,"very high",0.00,7.01,0.00
226,"AB Ju",https://buypenimaster.com,EUR,"Adult products",,"very high",548.50,29.79,0.00
245,"eva F",https://jevafashion.com,GBP,"Clothing and shoes",,"very high",0.00,18.15,0.00
262,".V So",https://silkokerai.lt,EUR,"Clothing and shoes",,"very high",324.00,8.47,0.00
269,risti,https://xlash.lt,EUR,"Beauty and fragrances",,"very high",59.90,0.50,0.00
270,"ARL V",https://evozen.fr,EUR,"Online courses and tutoring",,"very high",20380.51,746.33,0.00
294,"AB Pr",https://inglotkosmetika.lt,EUR,"Beauty and fragrances",,"very high",294.78,6.28,0.00
304,ondin,https://mondinion.com,EUR,"Booking and reservations, Marketing and advertising",,"very high",0.00,1.24,100.00
305,"AB ""K",https://lietuviskaatributika.lt,EUR,Accessories,,"very high",82.35,5.83,0.00
310,"AB B ","https://moerie.com, https://moerie.lt",EUR,"Beauty and fragrances",,"very high",309.00,0.50,0.00
319,louni,https://vohippo.com,EUR,"Mobile pre-paid card credits",,"very high",4538.94,197.60,0.00
322,"AB FA",https://auksomeistrai.lt,EUR,Accessories,,"very high",565.50,75.12,0.00
324,"AB ""S",https://cattool.eu,EUR,SaaS,,"very high",921.58,22.90,0.00
325,riori,https://priorityprospect.com,USD,"Software development",,"very high",8494.30,468.48,0.00
326,"VOS T","https://reparexshop.co.uk, https://reparexshop.com",GBP,"Beauty and fragrances",,"very high",1375.42,15.00,0.00
327,udget,https://budgettyres.ie,EUR,"Car parts/ accessories",,"very high",376.00,0.50,0.00
334,"TQ GR",https://orhidejashop.com,EUR,"Clothing and shoes",,"very high",582.06,142.48,0.00
348,"AB To",https://tommy-sons.com,EUR,"Car parts/ accessories",,"very high",1352.10,0.50,0.00
352,"AB ""P",https://freshup.lt,EUR,"Food and drinks",,"very high",42.48,24.23,0.00
361,oluco,https://sessointimo.it,EUR,"Adult products",,"very high",72.40,1.96,0.00
395,valda,https://lasercutjewelry.net,USD,Accessories,,"very high",226.00,17.29,0.00
403,"AB GR","https://garderoba-green-rose.pl, https://green-rose.eu, https://green-rose.fr, https://green-rose.lt, https://green-rose.uk.com",USD,"Clothing and shoes",,"very high",46.57,43.40,0.00
403,"AB GR","https://garderoba-green-rose.pl, https://green-rose.eu, https://green-rose.fr, https://green-rose.lt, https://green-rose.uk.com",GBP,"Clothing and shoes",,"very high",422.00,18.16,0.00
403,"AB GR","https://garderoba-green-rose.pl, https://green-rose.eu, https://green-rose.fr, https://green-rose.lt, https://green-rose.uk.com",EUR,"Clothing and shoes",,"very high",2895.87,121.18,0.00
412,NTELL,"https://everdo.net, https://unserver.xyz",EUR,SaaS,,"very high",1147.86,52.25,0.00
424,aroli,"https://bosolighters.com, https://jacobcolinn.lt",EUR,Accessories,,"very high",8445.11,405.75,0.00
432,aniel,"https://87.network, https://dubaiescorts.club",EUR,"Escort Advertising",,Low,260.00,2.75,0.00
435,MEDIA,"http://hotmasseur.com, https://hotmasseur.com, https://hotmasseuse.com, https://hushmassage.com",USD,"Adult entertainment, Marketing and advertising",,Medium,2469.00,94.45,0.00
440,"AB Li",https://lovelin.lt,EUR,Homeware,,Low,3278.49,0.00,0.00
453,rbori,https://nuovaerboristeria.it,EUR,"Vitamins and food supplements",,Low,4397.62,182.20,0.00
458,arkIT,"https://ausflügelanzarote.com, https://ausflügelanzarote.de, https://excursioneslanzarote.es, https://excursionsfuerte.com, https://excursionsgrancan.com, https://excursionslanzarote.com, https://phonezapp.com, https://travelon.world, https://travelonshop.com",EUR,"Booking and reservations, Electronics, Gadgets","4722, 5399",Low,29708.00,269.67,0.00
460,"NBS O","https://shmassy.com, https://simplynotebooks.eu",EUR,Stationery,,Low,141.30,1.50,0.00
479,"avid ",https://escortsabc.com,EUR,"Escort Advertising",,Low,301.00,37.65,0.00
486,"AB ""S","https://skinlovers.lt, https://stiliusbox.lt",EUR,"Beauty and fragrances, Goods subscriptions",,Low,8231.18,333.92,0.00
488,"tar I",https://ninjabet.it,EUR,Games,,Medium,38108.13,1802.19,0.00
509,"MO TE",https://smooci.com,USD,"Escort Advertising",,Medium,39192.86,647.20,0.00
509,"MO TE",https://smooci.com,GBP,"Escort Advertising",,Medium,262.42,57.51,0.00
509,"MO TE",https://smooci.com,EUR,"Escort Advertising",,Medium,90.79,0.95,0.00
513,"AB St",https://stiklejewelry.com,EUR,Accessories,,Low,56.85,8.88,0.00
514,odevl,"https://any.cab, https://cabsdirect.eu",EUR,"Taxi and transportation services",,Low,584.20,2.83,0.00
528,ONTAC,"https://contactum.eu, https://wellis-spas.si",EUR,"Home appliances",,Low,0.00,9.31,0.00
530,elati,"https://procureskills.com, https://relationable.com, https://safetyrelations.com, https://studyemotions.com",USD,"Online courses and tutoring",,Medium,734.00,60.44,0.00
558,umita,https://sumita.com,EUR,"Beauty and fragrances",,Low,111.00,3.74,0.00
562,manue,https://ca-serv.com,USD,"Adult entertainment",,Low,264.55,0.00,0.00
564,uvial,https://nuvialab.com,GBP,"Vitamins and food supplements",,Low,3316.77,576.11,0.00
564,uvial,https://nuvialab.com,EUR,"Vitamins and food supplements",,Low,64489.34,6015.82,0.29
566,"ldas ",https://chinapart.eu,EUR,"Car parts/ accessories",,Low,983.00,22.42,0.00
570,"AB ""G",https://amberworldlt.com,EUR,Accessories,,Low,194.10,17.28,0.00
579,"šĮ Ba",https://balarama.lt,EUR,"Charities/nonprofit organizations",,Low,50.00,0.00,0.00
581,ixwor,https://bulletvpn.com,USD,SaaS,,High,2834.83,555.69,0.00
584,utris,"https://babesvitamins.es, https://babesvitamins.hr, https://babesvitamins.it, https://babesvitamins.sk, https://colageno-pele.pt, https://collagene-skin.it, https://curcuma.naturesfinest.it, https://depurarefegato.it, https://figado-saudavel.pt, https://figadosaudavel.naturesfinest.pt, https://hair-vitamins.uk, https://hairvitamins.cz, https://hairvitamins.it, https://higado-saludable.es, https://higadosaludable.naturesfinest.es, https://kurkuma.naturesfinest.si, https://liver-detox.uk, https://liverdetox.cz, https://liverdetox.de, https://nailvitamins.naturesfinest.si, https://naturesfinest.hr, https://naturesfinest.it, https://naturesfinest.si, https://skinlift.cz, https://tea-tox.it, https://teatox.si, https://tiroidesana.it, https://zdrava-jetra.si",EUR,"Beauty and fragrances, Food and drinks, Vitamins and food supplements",,Low,3655.16,359.59,0.00
589,"etan ",https://cellulitix.com,USD,"Beauty and fragrances",,Low,122.41,15.00,0.00
597,"AB ""G",https://saulesgele.lt,EUR,"Flowers and gifts",,Low,594.00,38.11,0.00
599,lobal,https://herbadetox.com,EUR,"Food and drinks",,Low,189.26,2.99,0.00
605,uvial,https://nuvialab.com,USD,"Vitamins and food supplements",,Low,8683.22,513.97,0.00
605,uvial,https://nuvialab.com,EUR,"Vitamins and food supplements",,Low,1530.22,919.30,0.00
606,"OA En","https://sofiagray.com, https://sofiasins.com",USD,"Adult products","5999, 7399",Low,29705.36,8120.54,0.95
606,"OA En","https://sofiagray.com, https://sofiasins.com",GBP,"Adult products","5999, 7399",Low,4767.43,866.36,2.08
606,"OA En","https://sofiagray.com, https://sofiasins.com",EUR,"Adult products","5999, 7399",Low,1321.79,239.90,0.00
610,"šĮ ""K",https://atviraklaipeda.lt,EUR,"Charities/nonprofit organizations",,Low,126.00,11.21,0.00
611,"AB ""T",https://bedroommood.com,EUR,Homeware,,Low,8014.94,618.62,0.00
615,"sI Tu",https://tustinarvai.lt,EUR,"Charities/nonprofit organizations",,Low,4388.54,259.23,0.00
619,ustin,"https://autodiagnostikosiranga.lt, https://diagscantools.com, https://obdeleven.pro",EUR,Electronics,,Low,1607.17,1.50,0.00
620,"NFO I","https://kartusa-toner.si, https://kulshop.si, https://top-igrace.si",EUR,"Baby and children products, Electronics",,Low,79.97,14.44,0.00
630,"evin ","https://babylontraffic.com, https://serpempire.com",USD,"Marketing and advertising",,Medium,16702.86,283.17,0.00
630,"evin ","https://babylontraffic.com, https://serpempire.com",EUR,"Marketing and advertising",,Medium,4398.58,40.14,0.00
634,"AB ""M",https://zaliaarbata.lt,EUR,"Food and drinks",,Low,72.30,0.50,0.00
637,"uzz R","https://buysocialmediamarketing.com, https://buzzvoice.com",USD,"Marketing and advertising",,High,115728.51,11652.72,0.02
648,"AB Sp","https://1010.sil.lt, https://shop.lympo.com, https://sil.lt",EUR,"Clothing and shoes",,High,10040.91,404.45,0.00
649,"IA ""A",https://ardparts.lv,EUR,"Car parts/ accessories",,Low,524.81,1.50,0.00
651,ONMAR,https://kommons.com,USD,"Escort Advertising",,Low,22.50,0.00,0.00
651,ONMAR,https://kommons.com,GBP,"Escort Advertising",,Low,37379.39,2896.78,0.34
652,ietuv,https://redcross.lt,EUR,"Charities/nonprofit organizations",,Low,588.00,42.36,0.00
655,"AB ""K",https://kokosmile.lt,EUR,"Beauty and fragrances",,Low,1674.99,611.93,0.00
660,igita,"https://artsomeness.com, https://exitbar.io",USD,"Adult entertainment, Adult Video, SaaS","7273, 7399",Low,19.98,0.50,0.00
666,"nga M",https://parpochel.com,EUR,Accessories,,Low,95.00,0.33,0.00
667,injab,"https://ninja-bet.de, https://ninjabet.es",EUR,Games,,Low,3558.59,110.20,0.00
677,"B ""Ja",https://petscomfortdesign.com,EUR,"Pet supplies",,Low,9.84,1.92,0.00
686,efixe,"https://libidex.eu, https://viamax.eu, https://vibrolandia.com, https://vibrolandia.es",EUR,"Adult products",,Low,41395.77,263.93,0.00
690,"esna ",https://endovital.com,EUR,"Food and drinks",,Low,238.60,12.22,0.00
692,"AB Si",https://buboo.eu,EUR,"Clothing and shoes",,Low,268.79,7.84,0.00
696,iedri,"https://coinwink.com, https://cryptoclothing.cc, https://cryptologos.cc, https://protected.design",USD,"Clothing and shoes, SaaS",,Low,180.00,3.58,0.00
702,"AB ""D","https://eroklubas.lt, https://pazintys.draugas.lt",EUR,Dating,,Low,4784.00,546.07,0.00
707,"AB Va",https://vetparduotuve.lt,EUR,"Pet supplies",,Low,199.30,0.00,0.00
713,"eb No","https://eurogirlescort.it, https://eurogirlsescort.com, https://eurogirlsescort.cz, https://eurogirlsescort.de, https://eurogirlsescort.es, https://eurogirlsescort.fr, https://eurogirlsescort.ru, https://eurogirlsescort.sp, https://freeescortsite.com, https://worldescortindex.com",USD,"Escort Advertising",,Low,0.00,42.67,0.00
713,"eb No","https://eurogirlescort.it, https://eurogirlsescort.com, https://eurogirlsescort.cz, https://eurogirlsescort.de, https://eurogirlsescort.es, https://eurogirlsescort.fr, https://eurogirlsescort.ru, https://eurogirlsescort.sp, https://freeescortsite.com, https://worldescortindex.com",EUR,"Escort Advertising",,Low,92502.00,2553.97,0.00
722,leepy,"https://allgaytoys.com, https://shop.sleepyboy.com/categories.php, https://sleepyboy.com",GBP,"Adult products, Escort Advertising","5399, 7311",Low,21895.11,492.89,0.00
733,ugust,https://thekoty.com,EUR,Accessories,,Low,1748.07,104.63,0.00
738,SDMed,"https://londonts.com, https://niamodel.com, https://ts-dating.com",EUR,"Escort Advertising",,Medium,58114.70,1869.82,0.00
758,reenB,"https://forzapiu.com, https://vigoking.com, https://viriplus.com",EUR,"Vitamins and food supplements",,High,28475.28,390.87,0.00
760,"AB ""S",https://silart.eu,EUR,"Beauty and fragrances",,Low,1763.24,0.00,0.00
761,"B ""Lė",https://lemodus.lt,EUR,"Clothing and shoes",,Low,327.56,23.67,0.00
762,"AB EN","https://ilmondodegliorsacchiotti.it, https://meskinupasaulis.lt, https://myteddyworld.com",EUR,"Baby and children products",,Low,4263.58,184.55,0.00
763,vatar,"https://unicornorosa.it, https://yoxo.it",EUR,"Adult products",,Low,41669.08,1562.23,0.00
768,inger,https://gtg.com.pl,EUR,Accessories,,Low,194.24,1.00,0.00
770,"AB ""H",https://mjrever.com,EUR,"Clothing and shoes",,Low,7634.20,331.60,0.00
774,"AB ""N",https://lietuviskigaminiai.lt,EUR,"Clothing and shoes",,Low,1970.66,77.07,0.00
784,"onas ",https://floristikosnamai.lt,EUR,"Arts, crafts, and collectibles",,Low,58.00,1.00,0.00
786,"AB Au","https://autowin.com, https://autowin.eu, https://winauto.eu",EUR,"Car parts/ accessories",,Low,52.89,50.50,0.00
787,"I SPO","https://eureka-shop.cz, https://eurekashop.hr, https://eurekashop.si",EUR,"Beauty and fragrances",,Low,833.71,1.52,0.00
790,"AB El",https://elintacharge.com,EUR,Electronics,,Low,2537.43,38.54,0.00
795,oonbu,https://escort-europe.com,EUR,"Escort Advertising",,Low,2259.00,72.80,1.33
796,"AB Ei",https://canni.lt,EUR,"Beauty and fragrances",,Low,1488.01,56.84,0.00
798,"AB ""V",https://vasco.lt,EUR,"Beauty and fragrances",,Low,405.00,17.72,0.00
803,amjan,https://negaroknohtov.si,EUR,"Beauty and fragrances",,Low,590.27,33.72,0.00
808,"AB ""D","https://ayatel.com, https://sipmobile.org, https://supertalk.lt",EUR,SaaS,,,0.00,39.62,0.00
811,ervis,"https://corner69.com, https://corner69.hr, https://flirty.si, https://svetuzitka.com",EUR,"Adult products, Clothing and shoes",,Low,6550.40,1085.23,0.00
830,ivovi,"https://vivozebra.si, https://vivozebra.sk",EUR,"Beauty and fragrances",,Low,10400.14,610.01,0.00
839,rysta,"https://dorotafilipiuk.pl, https://robertmarchel.com",EUR,"Online courses and tutoring",,Low,3652.10,191.07,0.00
841,uroHo,https://eurohoster.org,EUR,SaaS,,High,9404.56,0.00,0.00
845,"MM se","https://kickliker.com, https://postimat.com, https://socialdroid.eu, https://tagimat.com",USD,"Marketing and advertising, SaaS",,Low,13250.01,438.32,0.00
845,"MM se","https://kickliker.com, https://postimat.com, https://socialdroid.eu, https://tagimat.com",EUR,"Marketing and advertising, SaaS",,Low,48.58,0.50,0.00
847,"AB ""S",https://stamperija.eu,EUR,"Arts, crafts, and collectibles",,Low,799.32,9.00,0.00
849,uadag,https://guadagnomatematico.it,EUR,"Online courses and tutoring",,Low,3354.60,449.24,0.00
855,"AB ""K",https://ekoled.com,EUR,"Household supplies",,Low,53.01,0.50,0.00
856,"B ""Au",https://moonstruckstore.com,EUR,Accessories,,Low,1757.02,36.73,0.00
857,ok'ca,https://mokca.si,EUR,"Food and drinks",,Low,505.22,63.43,0.00
861,"RM Gl","https://amztigers.com, https://amztigers.de",EUR,"Marketing and advertising",,Medium,13349.53,0.50,1.03
862,injab,https://ninja-bet.de,EUR,Games,,Low,1172.10,40.13,0.00
873,astig,https://licenzeprogrammi.com,EUR,"Computers, accessories, and services",,Low,1480.31,2.48,0.00
874,"AB ""Ž",https://zirniokrautuvele.lt,EUR,"Food and drinks",,Low,139.13,17.63,0.00
879,inila,https://lanaerunt.com,EUR,"Clothing and shoes",,Low,292.50,5.50,0.00
883,urzem,https://kurzemesseklas.lv,EUR,"Gardening goods",,Low,147.54,19.73,0.00
884,nfoga,https://arkhavencomics.com,USD,"Books and magazines",,Medium,492.38,203.66,2.86
890,"oana ",https://vielaclothing.com,EUR,"Clothing and shoes",,Low,210.00,7.66,0.00
892,ymbio,https://m.lushstories.com,USD,"Adult entertainment",,Medium,1690.90,0.00,0.00
893,axiwe,https://wristbands.eu.com,EUR,Entertainment,,Low,1949.02,1.50,0.00
896,"comp ",https://mcomp.si,EUR,"Computers, accessories, and services",,Low,68.68,18.19,0.00
898,"4 WEB","https://bissoubeauty.com, https://cartflip.ro, https://mistermega.cz, https://mistermega.eu, https://mistermega.gr, https://mistermega.hr, https://mistermega.hu, https://mistermega.it, https://mistermega.si, https://mistermega.sk",EUR,"Beauty and fragrances, Home appliances",,Low,6810.77,486.99,0.00
904,imple,"https://automarketer.pro, https://instafamous.pro, https://instantviews.co",USD,"Marketing and advertising",,Medium,15209.00,60.00,0.25
905,rsual,https://bygentlemen.com,EUR,Dating,,Low,30.00,4.86,0.00
907,"AB ""E",https://kavossinergija.lt,EUR,"Food and drinks",,Low,6.50,0.79,0.00
912,"IA NO",https://esetnod32.lv,EUR,"Service subscriptions",,Low,1235.03,62.99,0.00
921,"B ""Ja","https://babydreams.lt, https://bentleytrikes.com",EUR,"Baby and children products",,Low,379.04,0.50,0.00
926,"AB ""L",https://oxsic.com,EUR,SaaS,,Low,800.25,2.69,0.00
932,iovan,https://taxileader.net,EUR,"Taxi and transportation services",,Low,16635.76,0.00,0.00
934,IMIZE,https://shop.bimize.com,EUR,"Service subscriptions",,Low,54.13,1.77,0.00
936,"AB ""N","https://prezervativi.lv, https://sargiai.lt",EUR,"Adult products",,Low,1752.50,72.49,0.00
938,"ince ","https://skweezer.net, https://verifiedbadge.co",USD,"Marketing and advertising",,Low,83638.74,100.00,1.35
939,"AB ""Š",https://tipsyapp.net,EUR,SaaS,,Medium,102.00,125.13,7.14
941,"MM se","https://roximat.com, https://teerex.net",USD,"Clothing and shoes, Web hosting","5399, 7399",Low,416.00,57.36,0.00
946,"AB ""S","https://cupolus.co.uk, https://cupolus.lt",EUR,"Home appliances, Household supplies",,Low,89.73,1.26,0.00
949,"AB ""V",https://forlashes.com,EUR,"Beauty and fragrances",,Medium,2611.59,33.52,0.00
951,"B ""So","https://agoratees.com, https://bestgottees.com, https://bloomtees.com",USD,"Clothing and shoes",,Low,40.99,2.11,0.00
952,"AB ""A",https://indivi.lt,EUR,Accessories,,Low,893.00,24.50,0.00
953,"AB ""N",https://namutekstile.lt,EUR,"Home appliances",,Low,495.98,66.67,0.00
958,"AB ""V","https://babydo.ee, https://babydo.lt, https://babydo.lv",EUR,"Clothing and shoes",,Low,888.25,58.80,0.00
961,"ui Ma",https://sacamainenliege.com,EUR,Accessories,,Low,2333.00,0.00,0.00
981,"AB ""E",https://stockinvest.us,USD,Memberships,,Low,1056.33,51.01,4.00
986,"AB ""D","https://lovatieses.lt, https://uzraktai.lt",EUR,"Household supplies",,Low,33.44,25.96,0.00
990,"AB ""K",https://wowflowers.lt,EUR,"Flowers and gifts",,Low,2222.15,179.74,0.00
998,"y Gho","https://edmwarriors.com, https://ghostloops.com, https://myghostmarket.com, https://piratebeats.com",EUR,Entertainment,,Low,5192.60,35.27,0.00
999,ainor,https://2hd-lashes.fr,EUR,"Beauty and fragrances",,Low,128.32,6.43,0.00
1000,-spec,https://e-kartuse.si,EUR,"Computers, accessories, and services",,Low,602.57,2.00,0.00
1006,eleco,https://surfroam.com,EUR,"Mobile pre-paid card credits",,Low,19821.00,331.33,0.00
1009,ecnik,https://urarstvo-lecnik.si,EUR,Electronics,,Low,5167.95,355.54,0.00
1014,"ed Li","https://red-life.co.uk, https://red-life.com, https://red-life.cz, https://red-life.de, https://red-life.net, https://red-life.pl, https://red-life.ro, https://red-life.sk",EUR,"Escort Advertising",,Low,550.00,52.03,0.00
1017,ainiu,https://uzduociudezute.lt,EUR,Games,,Low,429.82,42.36,0.00
1019,"mrlj,",https://cmrlj.biz,EUR,"Books and magazines",,Low,356.50,39.56,0.00
1020,"AB ""E","https://std-tests.com, https://test2health.com",GBP,"Vitamins and food supplements",,Low,163.61,0.00,0.00
1025,zuvil,"https://vivamodel.be, https://vivamodel.com, https://vivamodel.es, https://vivamodel.fr, https://vivamodel.lu",EUR,"Escort Advertising",,Low,30.00,6.91,0.00
1031,"ida G",https://dardar.lt,EUR,"Clothing and shoes",,Low,242.50,24.05,0.00
1041,drien,https://jumpplusworld.com,EUR,"Sports equipment",,Low,594.75,36.14,0.00
1050,"B ""Ga",https://getfast.lt,EUR,SaaS,,Low,108.11,9.00,0.00
1053,kinny,https://fiveabook.com,USD,"Books and magazines",,Low,59.60,13.66,0.00
1053,kinny,https://fiveabook.com,EUR,"Books and magazines",,Low,0.50,0.52,0.00
1054,"omas ",https://slimstore.lt,EUR,"Clothing and shoes",,Low,200.30,8.81,0.00
1059,"AB ""V",https://obdeleven.com,USD,Gadgets,,Low,9571.09,762.44,0.00
1059,"AB ""V",https://obdeleven.com,GBP,Gadgets,,Low,2231.70,210.63,0.00
1059,"AB ""V",https://obdeleven.com,EUR,Gadgets,,Low,50111.56,1793.33,0.17
1062,"B ""Ne","https://jaakuivaks.ee, https://nesamirksti.lv, https://nesuslapk.lt",EUR,"Home appliances",,Low,1116.85,8.89,0.00
1065,ierel,https://nuovagioielleria.it,EUR,Accessories,,Low,3722.30,419.87,0.00
1067,"AB ""S",https://themoodsstudio.com,EUR,"Clothing and shoes",,Low,421.00,35.43,0.00
1075,"B ""Kr","https://ecoteething.com, https://teethingtoys.eu",EUR,"Baby and children products",,Low,500.50,1.00,0.00
1078,"AB DE","https://alio.lt, https://delfi.lt",EUR,"Marketing and advertising, Service subscriptions",,Low,4144.34,133.14,0.00
1082,"ed Li","https://red-life.co.uk, https://red-life.de, https://red-life.net",EUR,"Escort Advertising",,Low,6017.00,60.50,0.00
1083,"AB Ev","https://evchargeplus.com, https://evchargeplus.lt, https://evchargeplus.pl",EUR,Electronics,,Low,6436.35,118.06,0.00
1086,Endur,"https://4endurance.hr, https://4endurance.hu, https://4endurance.it, https://4endurance.net, https://4endurance.si, https://gowattsocks.com, https://gowattsocks.si, https://nduranz.com",EUR,"Clothing and shoes, Vitamins and food supplements",,Low,2444.93,245.00,0.00
1088,"B ""Sa",https://smaliziauskrautuvele.lt,EUR,"Food and drinks",,Low,12.98,2.98,0.00
1090,"CUBE ",https://bcubeagency.com,USD,"Marketing and advertising",,Low,3637.69,448.50,0.00
1090,"CUBE ",https://bcubeagency.com,EUR,"Marketing and advertising",,Low,55414.54,3177.66,0.03
1091,"AB Le",https://letenos.lt,EUR,"Pet supplies",,Low,1382.32,69.47,0.00
1093,"web M",https://girl-directory.com,USD,"Escort Advertising",,Medium,28432.95,588.49,0.00
1093,"web M",https://girl-directory.com,GBP,"Escort Advertising",,Medium,103.95,4.69,0.00
1093,"web M",https://girl-directory.com,EUR,"Escort Advertising",,Medium,1232.70,21.34,0.00
1096,ikkel,https://smm-world.com,USD,"Marketing and advertising",,Low,8398.00,0.00,0.14
1097,"AB Ar",https://artimiausias.lt,EUR,"Food and drinks, Service subscriptions",,Low,294.00,13.52,0.00
1100,uckFe,"https://duckferries.com, https://gilitickets.online",EUR,"Booking and reservations",,Low,16293.18,2.00,0.00
1101,"oxi S",https://roxivpn.com,USD,"Web hosting",,Low,26.50,17.48,0.00
1102,arian,https://varianto25.com,EUR,Accessories,,Low,820.46,6.57,0.00
1104,udriu,https://ali-tools.com,EUR,"Building materials and tools",,Low,653.00,5.41,0.00
1105,J-Inv,"https://sextra.dk, https://sextra.io",EUR,"Escort Advertising, Marketing and advertising",,Low,100.00,1.05,0.00
1106,érola,"https://peroladoprazer.com, https://peroladoprazer.com/",EUR,"Adult products",,Low,821.25,51.84,0.00
1110,"AB Fi",https://filladerm.com,EUR,"Beauty and fragrances",,Low,425.90,36.13,0.00
1117,"AB Tr","https://kedukas.lt, https://parfumesencija.lt",EUR,"Accessories, Beauty and fragrances",,Low,832.33,40.60,0.00
1118,"ME SW",https://naturalpeptides.eu,EUR,"Vitamins and food supplements",,Low,820.00,6.71,0.00
1121,"AB Mo",https://killercustom.com,EUR,Accessories,,Low,1490.70,492.22,0.00
1124,auryn,https://bakli.lt,EUR,Accessories,,Low,3612.70,188.37,0.00
1126,"AB Ba",https://barsail.com,EUR,"Food and drinks",,Low,50.93,0.26,0.00
1127,"AB Ol",https://oliver.lt,EUR,"Household supplies",,Low,1960.58,63.12,0.00
1133,"B Inb",https://livebettingstrategies.com,EUR,SaaS,,Low,219.20,1.50,0.00
1134,acliw,"https://prontoappfacile.it, https://socialads.eu",EUR,"Marketing and advertising",,Low,14711.32,762.44,0.00
1138,"AB In",https://provitaminai.lt,EUR,"Vitamins and food supplements",,Low,140.02,2.48,0.00
1140,iveLa,https://tryst.link,USD,"Escort Advertising",,Medium,19932.01,4591.62,0.00
1140,iveLa,https://tryst.link,EUR,"Escort Advertising",,Medium,26554.00,116.96,0.42
1148,"HC Se",https://thcservers.com,USD,"Web hosting",,Medium,5758.37,320.01,0.00
1151,ONPHA,https://moja-natura.com,EUR,"Beauty and fragrances",,Low,2158.45,477.64,0.00
1161,apnet,"https://revealme.com, https://revealme.vip",GBP,"Adult entertainment",,Low,0.00,2008.41,0.00
1166,"AB Ex","https://fibreblend.com, https://gamtosklodai.lt",EUR,"Vitamins and food supplements",,Low,32.00,4.22,0.00
1167,NNOVA,https://detailingstorebg.com,EUR,"Car parts/ accessories",,Low,558.59,30.62,0.00
1170,"AB De","https://prezervativ.lv, https://prezervatyvai.com",EUR,"Adult products",,Low,720.39,119.94,0.00
1171,eofil,https://auch.store,EUR,"Clothing and shoes",,Low,215.00,24.82,0.00
1179,ignit,https://hubscort.com,GBP,"Escort Advertising",,Low,8.97,3.61,0.00
1184,"min N",https://amanef.fr,EUR,"Beauty and fragrances",,Low,0.00,1.04,0.00
1189,"ody 8",https://hostasset.net,USD,"Web hosting",,Low,312.90,121.96,0.00
